{
    "type": "minecraft:tree",
    "config": {
        "decorators": [],
        "dirt_provider": {
            "type": "minecraft:simple_state_provider",
            "state": {
                "Name": "minecraft:dirt"
            }
        },
        "foliage_placer": {
            "type": "minecraft:fancy_foliage_placer",
            "height": 2,
            "offset": 0,
            "radius": {
                "type": "minecraft:uniform",
                "min_inclusive": 3,
                "max_inclusive": 6
            }
        },
        "foliage_provider": {
            "type": "minecraft:simple_state_provider",
            "state": {
                "Name": "minecraft:brown_mushroom_block",
                "Properties": {
                    "down": "true",
                    "east": "true",
                    "north": "true",
                    "south": "true",
                    "up": "true",
                    "west": "true"
                }
            }
        },
        "force_dirt": true,
        "ignore_vines": true,
        "minimum_size": {
            "type": "minecraft:two_layers_feature_size",
            "limit": 1,
            "lower_size": 0,
            "upper_size": 1
        },
        "sapling_provider": {
            "type": "minecraft:simple_state_provider",
            "state": {
                "Name": "minecraft:oak_sapling",
                "Properties": {
                    "stage": "0"
                }
            }
        },
        "trunk_placer": {
            "type": "minecraft:giant_trunk_placer",
            "base_height": 8,
            "height_rand_a": 3,
            "height_rand_b": 2
        },
        "trunk_provider": {
            "type": "minecraft:simple_state_provider",
            "state": {
                "Name": "minecraft:mushroom_stem",
                "Properties": {
                    "down": "true",
                    "east": "true",
                    "north": "true",
                    "south": "true",
                    "up": "true",
                    "west": "true"
                }
            }
        }
    }
}