{
    "type": "minecraft:tree",
    "config": {
        "decorators": [
            {
                "type": "minecraft:cocoa",
                "probability": 0
            },
            {
                "type": "minecraft:trunk_vine"
            },
            {
                "type": "minecraft:leave_vine",
                "probability": 0.25
            }
        ],
        "dirt_provider": {
            "type": "minecraft:simple_state_provider",
            "state": {
                "Name": "minecraft:dirt"
            }
        },
        "foliage_placer": {
            "type": "minecraft:random_spread_foliage_placer",
            "foliage_height": 3,
            "leaf_placement_attempts": 125,
            "offset": 0,
            "radius": 4
        },
        "foliage_provider": {
            "type": "minecraft:simple_state_provider",
            "state": {
                "Name": "minecraft:acacia_leaves",
                "Properties": {
                    "distance": "7",
                    "persistent": "false",
                    "waterlogged": "false"
                }
            }
        },
        "force_dirt": true,
        "ignore_vines": true,
        "minimum_size": {
            "type": "minecraft:two_layers_feature_size",
            "limit": 1,
            "lower_size": 1,
            "min_clipped_height": 0,
            "upper_size": 1
        },
        "sapling_provider": {
            "type": "minecraft:simple_state_provider",
            "state": {
                "Name": "minecraft:oak_sapling",
                "Properties": {
                    "stage": "0"
                }
            }
        },
        "trunk_placer": {
            "type": "minecraft:bending_trunk_placer",
            "base_height": 7,
            "bend_length": {
                "type": "minecraft:uniform",
                "min_inclusive": 2,
                "max_inclusive": 7
            },
            "height_rand_a": 8,
            "height_rand_b": 9,
            "min_height_for_leaves": 100
        },
        "trunk_provider": {
            "type": "minecraft:simple_state_provider",
            "state": {
                "Name": "minecraft:acacia_log",
                "Properties": {
                    "axis": "y"
                }
            }
        }
    }
}