{
    "type": "minecraft:tree",
    "config": {
        "decorators": [
            {
                "type": "minecraft:trunk_vine"
            }
        ],
        "dirt_provider": {
            "type": "minecraft:simple_state_provider",
            "state": {
                "Name": "minecraft:dirt"
            }
        },
        "foliage_placer": {
            "type": "minecraft:bush_foliage_placer",
            "height": 1,
            "offset": 0,
            "radius": {
                "type": "minecraft:uniform",
                "min_inclusive": 1,
                "max_inclusive": 2
            }
        },
        "foliage_provider": {
            "type": "minecraft:weighted_state_provider",
            "entries": [
                {
                    "data": {
                        "Name": "minecraft:azalea_leaves",
                        "Properties": {
                            "distance": "7",
                            "persistent": "false",
                            "waterlogged": "false"
                        }
                    },
                    "weight": 1
                },
                {
                    "data": {
                        "Name": "minecraft:flowering_azalea_leaves",
                        "Properties": {
                            "distance": "7",
                            "persistent": "false",
                            "waterlogged": "false"
                        }
                    },
                    "weight": 2
                }
            ]
        },
        "force_dirt": true,
        "ignore_vines": true,
        "minimum_size": {
            "type": "minecraft:two_layers_feature_size",
            "limit": 1,
            "lower_size": 1,
            "min_clipped_height": 0,
            "upper_size": 1
        },
        "sapling_provider": {
            "type": "minecraft:simple_state_provider",
            "state": {
                "Name": "minecraft:oak_sapling",
                "Properties": {
                    "stage": "0"
                }
            }
        },
        "trunk_placer": {
            "type": "minecraft:forking_trunk_placer",
            "base_height": 4,
            "height_rand_a": 7,
            "height_rand_b": 10
        },
        "trunk_provider": {
            "type": "minecraft:simple_state_provider",
            "state": {
                "Name": "minecraft:acacia_log",
                "Properties": {
                    "axis": "y"
                }
            }
        }
    }
}