{
    "__comment": "Made with TheDestruc7i0n's advancements generator: https://advancements.thedestruc7i0n.ca",
    "display": {
        "title": {
            "text": "got_hit"
        },
        "description": {
            "text": "got_hit"
        },
        "icon": {
            "item": "minecraft:stone"
        },
        "frame": "task",
        "show_toast": false,
        "announce_to_chat": false,
        "hidden": false,
        "background": "minecraft:textures/gui/advancements/backgrounds/stone.png"
    },
    "criteria": {
        "got hurt": {
            "trigger": "minecraft:entity_hurt_player",
            "conditions": {
                "damage": {
                    "type": {
                        "direct_entity": {
                            "type": "minecraft:zombie"
                        },
                        "source_entity": {
                            "type": "minecraft:zombie"
                        }
                    }
                }
            }
        }
    },
    "rewards": {
        "function": "server:player_killed"
    }
}