{
    "type": "minecraft:entity",
    "pools": [
      {
        "rolls": 1,
        "entries": [
          {
            "type": "minecraft:item",
            "name": "minecraft:music_disc_wait"
          },
          {
            "type": "minecraft:item",
            "name": "minecraft:music_disc_13"
          },
          {
            "type": "minecraft:item",
            "name": "minecraft:music_disc_cat"
          },
          {
            "type": "minecraft:item",
            "name": "minecraft:music_disc_blocks"
          },
          {
            "type": "minecraft:item",
            "name": "minecraft:music_disc_chirp"
          },
          {
            "type": "minecraft:item",
            "name": "minecraft:music_disc_far"
          },
          {
            "type": "minecraft:item",
            "name": "minecraft:music_disc_mall"
          },
          {
            "type": "minecraft:item",
            "name": "minecraft:music_disc_mellohi"
          },
          {
            "type": "minecraft:item",
            "name": "minecraft:music_disc_stal"
          },
          {
            "type": "minecraft:item",
            "name": "minecraft:music_disc_ward"
          },
          {
            "type": "minecraft:item",
            "name": "minecraft:music_disc_11"
          }
        ]
      },
      {
        "rolls": 1,
        "entries": [
          {
            "type": "minecraft:item",
            "name": "minecraft:bone",
            "functions": [
              {
                "function": "minecraft:set_count",
                "count": {
                  "min": 1,
                  "max": 3
                }
              }
            ]
          }
        ]
      },
      {
        "rolls": 1,
        "entries": [
          {
            "type": "minecraft:item",
            "name": "minecraft:rotten_flesh",
            "functions": [
              {
                "function": "minecraft:set_count",
                "count": {
                  "min": 1,
                  "max": 3
                }
              }
            ]
          }
        ]
      }
    ]
  }
  