{
  "type": "minecraft:entity",
  "pools": [
    {
      "rolls": 1,
      "entries": [
        {
          "type": "minecraft:item",
          "weight": 1,
          "quality": 1,
          "name": "minecraft:carrot_on_a_stick",
          "functions": [
            {
              "function": "minecraft:set_nbt",
              "tag": "{display:{Name:'{\"text\":\"Medkit\",\"italic\":false,\"color\":\"red\"}',Lore:['[{\"text\":\"Effects: \",\"color\":\"gray\",\"italic\":false},{\"text\":\"Regen 2; 5 sec\",\"color\":\"dark_aqua\",\"italic\":false}]','{\"text\":\"Instant Health 1\",\"color\":\"dark_aqua\",\"italic\":false}','{\"text\":\"Clears all negative effects\",\"color\":\"dark_aqua\",\"italic\":false}']},Unbreakable:1b,CustomModelData:13228,medkit:1b,HideFlags:4}"
            }
          ]
        },
        {
          "type": "minecraft:item",
          "weight": 1,
          "quality": 1,
          "name": "minecraft:carrot_on_a_stick",
          "functions": [
            {
              "function": "minecraft:set_nbt",
              "tag": "{display:{Name:'{\"text\":\"Simple Bandage\",\"italic\":false,\"color\":\"red\"}',Lore:['[{\"text\":\"Effects: \",\"color\":\"gray\",\"italic\":false},{\"text\":\"Regeneration 2; 5 sec\",\"color\":\"dark_aqua\"}]']},Unbreakable:1b,CustomModelData:13247,bandage:1b,HideFlags:4}"
            }
          ]
        }
      ],
      "conditions": [
        {
          "condition": "minecraft:random_chance",
          "chance": 0.096
        }
      ]
    },
    {
      "rolls": 1,
      "entries": [
        {
          "type": "minecraft:item",
          "name": "minecraft:spider_eye",
          "functions": [
            {
              "function": "minecraft:set_count",
              "count": {
                "min": 1,
                "max": 2
              }
            },
            {
              "function": "minecraft:set_nbt",
              "tag": "{display:{Name:'{\"text\":\"Zombie Eye\",\"italic\":false}',Lore:['{\"text\":\"Spider eye substitute\",\"color\":\"gray\",\"italic\":false}']}}"
            }
          ]
        }
      ],
      "conditions": [
        {
          "condition": "minecraft:random_chance_with_looting",
          "chance": 0.19,
          "looting_multiplier": 0.01
        }
      ]
    },
    {
      "rolls": 1,
      "entries": [
        {
          "type": "minecraft:item",
          "weight": 2,
          "quality": 1,
          "name": "minecraft:carrot_on_a_stick",
          "functions": [
            {
              "function": "minecraft:set_nbt",
              "tag": "{display:{Name:'{\"text\":\"Minor Infection Cure\",\"italic\":false,\"color\":\"gold\"}',Lore:['[{\"text\":\"Effects: \",\"color\":\"gray\",\"italic\":false},{\"text\":\"Cures minor infection debuffs\",\"color\":\"dark_aqua\",\"italic\":false}]','{\"text\":\"Can also cure nearby villagers\",\"color\":\"dark_aqua\",\"italic\":false}','{\"text\":\"or animals of the zombie virus\",\"color\":\"dark_aqua\",\"italic\":false}']},Unbreakable:1b,CustomModelData:13258,minor_cure:1b,HideFlags:4}"
            }
          ]
        }
      ],
      "conditions": [
        {
          "condition": "minecraft:random_chance",
          "chance": 0.034
        }
      ]
    },
    {
      "rolls": 1,
      "entries": [
        {
          "type": "minecraft:item",
          "weight": 1,
          "quality": 1,
          "name": "minecraft:carrot_on_a_stick",
          "functions": [
            {
              "function": "minecraft:set_nbt",
              "tag": "{display:{Name:'{\"text\":\"Health Boost Syringe\",\"italic\":false,\"color\":\"red\"}',Lore:['[{\"text\":\"Effects: \",\"color\":\"gray\",\"italic\":false},{\"text\":\"4 Extra Hearts; 6.5 min\",\"color\":\"dark_aqua\"}]']},Unbreakable:1b,CustomModelData:13257,resistance:1b,HideFlags:4}"
            }
          ]
        },
        {
          "type": "minecraft:item",
          "weight": 1,
          "quality": 1,
          "name": "minecraft:carrot_on_a_stick",
          "functions": [
            {
              "function": "minecraft:set_nbt",
              "tag": "{display:{Name:'{\"text\":\"Resistance Syringe\",\"italic\":false,\"color\":\"dark_red\"}',Lore:['[{\"text\":\"Effects: \",\"color\":\"gray\",\"italic\":false},{\"text\":\"Resistance 1; 1 min\",\"color\":\"dark_aqua\"}]']},Unbreakable:1b,CustomModelData:13256,resistance:1b,HideFlags:4}"
            }
          ]
        },
        {
          "type": "minecraft:item",
          "weight": 1,
          "quality": 1,
          "name": "minecraft:carrot_on_a_stick",
          "functions": [
            {
              "function": "minecraft:set_nbt",
              "tag": "{display:{Name:'{\"text\":\"Swiftness Syringe\",\"italic\":false,\"color\":\"aqua\"}',Lore:['[{\"text\":\"Effects: \",\"color\":\"gray\",\"italic\":false},{\"text\":\"Speed 4; 30 sec\",\"color\":\"dark_aqua\"}]']},Unbreakable:1b,CustomModelData:13255,swiftness:1b,HideFlags:4}"
            }
          ]
        },
        {
          "type": "minecraft:item",
          "weight": 1,
          "quality": 1,
          "name": "minecraft:carrot_on_a_stick",
          "functions": [
            {
              "function": "minecraft:set_nbt",
              "tag": "{display:{Name:'{\"text\":\"Regeneration Syringe\",\"italic\":false,\"color\":\"red\"}',Lore:['[{\"text\":\"Effects: \",\"color\":\"gray\",\"italic\":false},{\"text\":\"Regeneration 2; 20 sec\",\"color\":\"dark_aqua\"}]']},Unbreakable:1b,CustomModelData:13231,regeneration:1b,HideFlags:4}"
            }
          ]
        },
        {
          "type": "minecraft:item",
          "weight": 1,
          "quality": 1,
          "name": "minecraft:carrot_on_a_stick",
          "functions": [
            {
              "function": "minecraft:set_nbt",
              "tag": "{display:{Name:'{\"text\":\"Absorption Syringe\",\"italic\":false,\"color\":\"yellow\"}',Lore:['[{\"text\":\"Effects: \",\"color\":\"gray\",\"italic\":false},{\"text\":\"8 Absorption Hearts; 8 min\",\"color\":\"dark_aqua\"}]']},Unbreakable:1b,CustomModelData:13232,absorption:1b,HideFlags:4}"
            }
          ]
        },
        {
          "type": "minecraft:item",
          "weight": 2,
          "quality": 1,
          "name": "minecraft:repeating_command_block",
          "functions": [
            {
              "function": "minecraft:set_nbt",
              "tag": "{display:{Name:'{\"text\":\"Syringe\",\"italic\":false,\"color\":\"white\"}'},CustomModelData:13229,syringe:1b}"
            }
          ]
        }
      ],
      "conditions": [
        {
          "condition": "minecraft:random_chance",
          "chance": 0.09
        }
      ]
    },
    {
      "rolls": 1,
      "entries": [
        {
          "type": "minecraft:item",
          "name": "minecraft:bone",
          "functions": [
            {
              "function": "minecraft:set_count",
              "count": {
                "min": 1,
                "max": 3
              }
            }
          ]
        }
      ]
    },
    {
      "rolls": 1,
      "entries": [
        {
          "type": "minecraft:item",
          "name": "minecraft:rotten_flesh",
          "functions": [
            {
              "function": "minecraft:set_count",
              "count": {
                "min": 1,
                "max": 3
              }
            }
          ]
        }
      ]
    },
    {
      "rolls": 1,
      "bonus_rolls": 0,
      "entries": [
        {
          "type": "minecraft:item",
          "name": "minecraft:gunpowder"
        }
      ],
      "functions": [
        {
          "function": "minecraft:set_count",
          "count": {
            "min": 3,
            "max": 5
          }
        }
      ],
      "conditions": [
        {
          "condition": "minecraft:random_chance_with_looting",
          "chance": 0.26,
          "looting_multiplier": 0.02
        }
      ]
    }
  ]
}
